USE DB109;

INSERT INTO Category (catCode,catDescr) VALUES
(1000, 'Τρόφιμα'),
(1001, 'ρύζι'),
(1002, 'Μπύρες'),
(1003, 'Aναψυκτικά'),
(1004, 'Γάλα'),
(1005, 'Δημητριακά'),
(1006, 'Αμύγδαλα'),
(1007, 'Νερό'),
(1008, 'Ψάρι'),
(1009, 'Χυμός'),
(1010, 'Μπισκότα'),
(1011, 'Μαρούλι'),
(1012, 'Χαρτί');


INSERT INTO Product ( prCode, prName, prDescr, price, prQuantity, catCode) VALUES
(1000, 'Σοκολάτα γάλακτος ΙΟΝ', 'Σοκολάτα', 1.50 , 100, 1000),
(1001, 'Ρύζι Basmati', 'Ρύζι', 0.80, 130, 1001),
(1002, 'Μπύρα Kaiser', 'Μπύρες', 1.30, 180, 1002),
(1003, 'Αναψυκτικό Λουξ' , 'Αναψυκτικά', 1.10, 240, 1003),
(1004, 'Γάλα Μεβγάλ', 'Γάλα', 1.90, 280, 1004),
(1005, 'Δημητριακά kellogs', 'Δημητριακά',2.50 , 300, 1005),
(1006, 'Αμύγαλα β1' , 'Αμύγδαλα', 3.50, 405, 1006),
(1007, 'Νερό Δίρφυς', 'Νερό', 1.0, 500, 1007),
(1008, 'Ψάρι Τσιπούρα', 'Ψάρι', 13.0, 20, 1008),
(1009, 'Χυμός ανάμεικτος', 'Χυμός', 2.00, 230, 1009),
(1010, 'Μπισκότα Παπαδοπούλου', 'Μπισκότα', 1.44, 500, 1010),
(1011, 'Μαρούλι μπίσκος', 'Μαρούλι' , 1.99, 680, 1011),
(1012, 'Χαρτί ελαφρύ', 'Χαρτί', 2.50, 900, 1012),
(2000, 'Σοκολάτα υγείας Παυλίδης', 'Σοκολάτα', 1.40, 200, 1000),
(2001, 'Ρύζι Καρολίνα', 'Ρύζι', 0.60, 150, 1001),
(2002, 'Μπύρα FIX', 'Μπύρες', 1.40, 200, 1002),
(2003, 'Χυμός Amita', 'Αναψυκτικά', 1.30, 290, 1003),
(2004, 'Γάλα ΔΕΛΤΑ', 'Γάλα', 1.30 , 250, 1004),
(2005, 'Δημητριακά CHEETOS', 'Δημητριακά', 2.00, 200, 1005),
(2006, 'Αμύγδαλα καβουρδισμένα', 'Αμύγδαλα', 3.30, 140, 1006),
(2007, 'Νερό Βίκος', 'Νερό', 0.70, 300, 1007),
(2008, 'Ψάρι σαρδέλα', 'Ψάρι', 10.0, 100, 1008),
(2009, 'Χυμός πορτοκάλι', 'Χυμός', 2.30, 250, 1009),
(2010, 'Μπισκότα Μιράντα', 'Μπισκότα', 1.90, 300, 1010),
(2011, 'Μαρούλι Σια' , 'Μαρούλι', 2.50, 700, 1011),
(2012, 'Χαρτί βαρύ', 'Χαρτί', 3.5, 1000, 1012),
-----------------------------------------------Q13
(2013, 'K', 'w', 2.6, 1000, 1000),
(2014, 'L', 'e', 1.8, 1000, 1001),
(2015, 'M', 'r', 0.7, 1000, 1002),
(2016, 'N', 't', 0.8, 1000, 1003),
(2017, 'O', 'y', 1.9, 1000, 1004),
(2018, 'P', 'u', 2.5, 1000, 1005),
(2019, 'Q', 'i', 3, 1000, 1006);


INSERT INTO GeoArea (gaCode, gaName, population) VALUES
(1000, 'Εύβοια',210815),
(1001, 'Χαλκίδα', 100320), 
(1002, 'Βόλος', 123908),
(1003, 'Λάρισα', 150978),
(1004, 'Αθήνα', 3000567),
(1005, 'Σύρος', 3000),
(1006, 'Κουφονήσια', 2450),
(1007, 'Χαλκιδική' , 80000),
(1008, 'Ιταλία', 30000),
(1009, 'Μόσχα', 50000),
(1010, 'Βρετανία', 6000),
(1011, 'Γερμανία', 566677),
(1012, 'Ικαρία', 600),
(2000, 'Καλαμάτα', 54100),
(2001, 'Σπάρτη', 30866),
(2002, 'Ναύπλιο', 14203);


INSERT INTO Supplier (sCode, sAfm, sName, sCity, sNum, sRoad, sZip, sPhone, gaCode) VALUES
(1000, 1234567890, 'Βασιλόπουλος Α.Ε.', 'Χαλκίδα', 10, 'Χαϊνά', 34100, 2109888888, 1000),
(1001, 2345678901, 'Kρητικός', 'Χαλκίδα', 13, 'Κύρτικος', 34590, 2109845675, 1001),
(1002, 3456789012, 'Μαρινόπουλος', 'Βόλος', 34, 'Αλεξάνδρου', 23455, 2104567834, 1002),
(1003, 4567890123, 'Κυριακόπουλος', 'Λάρισα', 35, 'Μοσχοπολίδου', 564908, 2104537895, 1003),
(1004, 5678901234, 'Γεωργακόπουλος' , 'Αθήνα', 67, 'Νεάπολης', 233300, 2108956890, 1004),
(1005, 6789012345, 'Λεοντός', 'Σύρος', 78, ' Ψαχνά', 456789, 2107653902, 1005),
(1006, 7890123456, 'Λιακός' , 'Κουφονήσια', 65, 'Αρτάκη', 567438, 2108964528, 1006),
(1007, 8901234556, '3Α μαρκετ', 'Χαλκιδική', 45, ' Σπάρτης', 456789, 2104567348, 1007),
(1008, 6378290374, 'Λαζόπουλος', 'Πάτρα', 23, 'Χωρικής', 53627, 6902562783, 1008),
(1009, 5268392039, 'Φαναρόπουλος', 'Πλαταμώνα', 43, 'Κυριατζής', 637283, 6902678362, 1009),
(1010, 4352738392, 'Πανηγυρατόπουλος', 'Αίγαιο', 56, 'Λεωφόρου', 738628, 697352426321, 1010),
(1011, 5362736272, 'Μιχαήλοπος', 'Ικαρία', 53, 'Πατησίων', 536273, 69836272831, 1011),
(1012, 3527352832, 'Καλαθέρης', 'Μάνη', 45, ' Παπάζης', 453637, 69738373832, 1012),
(2000, 3123456789, 'Κυριακίδης', 'Καλαμάτα', 32, 'Αριστομένους', 24134, 2721098765, 2000),
(2001, 0987654321, 'Μανωλόπουλος', 'Σπάρτη', 32, 'Ασκληπειού', 23100, 2731098789, 2001),
(2002, 8765432122, 'Γεωργίου', 'Καλαμάτα', 32, 'Ιπποκράτους', 24134, 2721087654, 2000),
(2003, 5367829109, 'Τζαννής','Ναύπλιο', 32, 'Ρήγα Φεραίου', 21100, 2751045678,2002),
(2004, 9234876876, 'Σγουρός', 'Ικαρία', 23, 'Αναστάσεως', 536273, 6906443246, 1012),
(2005, 2345678900, 'Σαράκης', 'Μάνη', 10, 'Αναλήψεως', 453637, 6906443789, 2000),
(2006, 4567876545, 'Αλεξάκης', 'Σπάρτη', 15, 'Κανάρη', 23100, 6906441234, 2002),
(2007, 8468654568, 'Χαλουλάκος', 'Χαλκίδα', 47, 'Ψαρών', 34590, 6906412345, 1001),
(2008, 7643567875, 'Λασκαράτου', 'Πλαταμώνα', 9, 'Κουμουνδούρου', 637283, 6902345976, 1009),
(2009, 7257946553, 'Λαμπροπούλου', 'Αθήνα', 51, 'Χαριλάου Τρικούπη', 233300, 6906443246, 1004),
(2010, 1546432456, 'Παππάς', 'Κουφονήσια', 7, 'Σόλωνος', 567438, 6906483456, 1012),
(2011, 6373846378, 'Λυκου', 'Πετριές', 8, 'Σολωμών', 73849, 6974836723, 1003),
(2012, 8654345678, 'Διαμαντοπούλου', 'Αιγαίο', 3, 'Πλάτωνος', 738628, 6906443867, 1012),
---------------------------------------------------------------------------------- Q13
(2013, 3456789876, 'Καπερνάρου', 'Καλαμάτα', 45, 'Οιχαλίας', 24134, 6789765789, 2002);


INSERT INTO Customer (custCode, custAfm, custName, custCity, custNum, custRoad, custZip, custPhone, gaCode) VALUES
(1000, 2345678901, 'Χρονόπουλος', 'Χαλκίδα', 1, 'Χαϊνά', 34100, 2980798654, 1000),
(1001, 6789345627, 'Λαζόπουλος', 'Χαλκίδα', 3, 'Λαγού', 34100,6998763002,1001),
(1002, 4563782380, 'Μαχτός', ' Βόλος', 4, 'Δροσιάς', 78367, 697289630, 1002),
(1003, 5674873901, 'Λαζαρίδης', ' Σέρρες,' , 5, 'Ταξιάρχου', 67832, 6962781936, 1003),
(1004, 6376253892, 'Φρακτής', 'Παξοί', 6, ' Κολοκοτρώνης', 67830, 6938294863, 1004),
(1005, 4537829847, 'Χαρμόνης', 'Αντίπαξοι', 7, 'Χέγκελ', 73629, 6953839273, 1005),
(1006, 5362728363, 'Μπακός','Μύκονος', 8, 'Λάζου', 23300, 69036728361, 1006),
(1007, 2018374682, 'Αναστασιάδης', 'Μάλτα', 9, 'Λαρίσης', 24456, 69035627845, 1007),
(1008, 2536272836, 'Γιάκος', 'Ιταλία', 23, 'Μπούρου', 34563, 69364527384, 1008),
(1009, 2436438748, 'Μπεληγιάννης', 'Παρίσι',45, 'Καβούρι', 23456, 69536273821, 1009),
(1010, 2537283929, 'Μιχελής', 'Γερμανία', 34, 'Λιάγγου', 34567, 6963728362, 1010),
(1011, 2346273820, 'Βροχαρίδου', 'Βρετανία', 98, 'Πέρας', 23456, 696275463, 1011),
(1012, 2436273528, 'Μέλεμενης', 'Μόσχα', 87, 'Λαγός', 23455, 692637213, 1012),
(2000, 3123456789, 'Κυριακίδης', 'Καλαμάτα', 32, 'Αριστομένους', 24134, 2721098765, 2000),
(2001, 0987654321, 'Μανωλόπουλος', 'Σπάρτη', 32, 'Ασκληπειού', 23100, 2731098789, 2001),
(2002, 8765432122, 'Γεωργίου', 'Καλαμάτα', 32, 'Ιπποκράτους', 24134, 2721087654, 2002),
(2003, 5367829109, 'Τζαννής','Ναύπλιο', 32, 'Ρήγα Φεραίου', 21100, 2751045678,2002),
(2004, 7653589876, 'Παναγιώτου', 'Ναύπλιο', 46, 'Ραγκάβή', 21100, 692637214, 2002),
(2005, 9675468967, 'Μπούρας', 'Ναύπλιο', 48, 'Πανόρμου', 21100, 692637215, 2002),
(2006, 8744629374, 'Γεωργούλιας', 'Βόλος', 52, 'Ερμού', 34678, 692637216, 1002),
(2007, 8754456899, 'Κωνσταντινίδης', 'Σύρος', 3, 'Ακαδημίας', 96678, 692637217, 1005),
(2008, 9865431678, 'Τσέλικας', 'Μόσχα', 14, 'Σινά', 24567, 692637218, 1009),
(2009, 7362935478, 'Σαββόπουλος', 'Χαλκιδική', 18, 'Ακροπόλεως', 83456, 692637219, 1007),
(2010, 1234567654, 'Δημόπουλος', 'Λάρισα', 10, 'Αριστοδήμου', 98567, 692637260, 1003),
(2011, 3456789345, 'Λαζαρίδης', 'Γερμανία', 20, 'Κοραή', 89789, 692637890, 1011),
(2012, 1238765345, 'Καραμάνος', 'Βρετανία', 30, 'Ανθέων', 23466, 692633568, 1010);

INSERT INTO Regular (custCode, limit, remnant) VALUES
(1000, 20000,5000), 
(1001, 34000, 2000),
(1002, 45980, 3500),
(1003, 23098, 5680),
(1004, 12000, 8000),
(1005, 23000, 6500),
(1006, 43000, 17800),
(1007, 56000, 7800),
(1008, 45900, 4788),
(1009, 46378, 8933),
(1010, 63778, 9037),
(1011, 27772, 8372),
(1012, 36277, 2881),
(2000, 10000, 2000),
(2001, 10000, 2000),
(2002, 10000, 2000),
(2003, 10000, 2000),
(2004, 37729,2892),
(2005, 26621, 2889),
(2006, 72882,2999),
(2007, 37282, 900),
(2008, 27712, 7829),
(2009, 67299,3772),
(2010, 72882, 9028),
(2011, 28829,1900),
(2012, 62782, 2901);


INSERT INTO Supplies (supCode, sDate, sQuantity, sCode, prCode) VALUES
(1000, '2012-01-05', 600, 1000, 1000),
(1001, '2012-01-03', 600, 1001, 1001),
(1002, '2012-02-12', 400, 1002, 1002),
(1003, '2012-03-23', 200, 1003, 1003),
(1004, '2012-04-14', 900, 1004, 1004),
(1005, '2012-05-27', 700, 1005, 1005),
(1006, '2012-06-25', 800, 1006, 1006),
(1007, '2012-07-17', 600, 1007, 1007),
(1008, '2012-08-09', 789, 1008, 1008),
(1009, '2012-09-04', 673, 1009, 1009),
(1010, '2012-10-02', 526, 1010, 1010),
(1011, '2012-11-06', 888, 1011, 1011),
(1012, '2012-12-08', 993, 1012, 1012),
(2000, '2012-01-10', 500, 2000, 2000),
(2001, '2012-01-10', 500, 2001, 2001),
(2002, '2012-02-10', 500, 2002, 2002),
(2003, '2012-03-10', 500, 2003, 2003),
(2004, '2012-04-10', 500, 2004, 2004),
(2005, '2012-05-10', 500, 2005, 2005),
(2006, '2012-06-10', 600, 2006, 2006),
(2007, '2012-07-09', 900, 2007, 2007),
(2008, '2012-08-12', 780, 2008, 2008),
(2009, '2012-09-15', 800, 2009, 2009),
(2010, '2012-10-16', 900, 2010, 2010),
(2011, '2012-11-23', 890, 2011, 2011),
(2012, '2012-12-25', 980 ,2012, 2012),
(2013, '2012-12-25', 890, 2002, 2000),
(2014, '2012-12-25', 900, 2004, 2003),
(2015, '2012-12-25', 900, 2012, 1011),
(2016, '2012-12-25', 600, 2013, 2000),
-------------------------------------- Q14
(2017, '2012-12-25', 100, 2003, 1001),
(2018, '2012-12-25', 100, 2003, 1002),
(2019, '2012-12-25', 100, 2003, 1003),
(2020, '2012-12-25', 100, 1012, 1004),
(2021, '2012-12-25', 100, 1012, 1005),
(2022, '2012-12-25', 100, 1012, 1006),
(2023, '2012-12-25', 100, 1012, 1007),
-------------------------------------- Q13
(2024, '2012-12-25', 100, 1001, 2013),
(2025, '2012-12-25', 100, 2007, 2013),
(2026, '2012-12-25', 100, 1003, 2014),
(2027, '2012-12-25', 100, 2011, 2014),
(2028, '2012-12-25', 100, 1004, 2015),
(2029, '2012-12-25', 100, 2009, 2015),
(2030, '2012-12-25', 100, 1009, 2016),
(2031, '2012-12-25', 100, 2008, 2016),
(2040, '2012-12-25', 100, 1012, 2017),
(2041, '2012-12-25', 100, 2010, 2017),
(2042, '2012-12-25', 100, 2004, 2017),
(2043, '2012-12-25', 100, 2012, 2017),
(2044, '2012-12-25', 100, 2005, 2018),
(2045, '2012-12-25', 100, 2002, 2018), 
(2046, '2012-12-25', 100, 2000, 2018),
(2047, '2012-12-25', 100, 2003, 2019),
(2048, '2012-12-25', 100, 2006, 2019),
(2049, '2012-12-25', 100, 2013, 2019),
(2050, '2012-12-25', 100, 1001, 2019);

INSERT INTO Orders (ordCode, orDate, delDate, custCode) VALUES 
(1000, '2020-11-28', '2020-11-30', 1000),
(1001, '2012-01-20', '2012-01-07', 1001),
(1002, '2012-02-04', '2012-02-06', 1002),
(1003, '2012-02-09', '2012-02-16', 1003),
(1004, '2012-03-07', '2012-02-26', 1004),
(1005, '2012-03-23', '2012-03-31', 1005),
(1006, '2012-04-12', '2012-04-18', 1006),
(1007, '2012-04-16', '2012-04-24', 1007),
(1008, '2012-05-19', '2012-05-12', 1008),
(1009, '2012-05-02', '2012-05-23', 1009),
(1010, '2012-06-06', '2012-06-30', 1010),
(1011, '2012-06-14', '2012-06-30', 1011),
(1012, '2012-07-29', '2012-07-20', 1012),
(1013, '2012-07-05', '2012-07-29', 1012),
(1014, '2012-08-27', '2012-08-06', 1011),
(1015, '2012-08-12', '2012-08-16', 1008),
(1016, '2012-09-18', '2012-09-26', 1007),
(1017, '2012-09-29', '2012-09-30', 1006),
(1018, '2012-10-23', '2012-10-18', 1000),
(1019, '2012-10-22', '2012-10-24', 1003),
(1020, '2012-11-12', '2012-11-12', 1002),
(1021, '2012-11-16', '2012-11-23', 1000),
(1022, '2012-12-24', '2012-12-30', 1007),
(1023, '2012-12-13', '2012-12-30', 1006),
(2000, '2011-01-13', '2011-01-20', 2000),
(2001, '2011-01-25', '2011-01-29', 2001),
(2002, '2011-02-04', '2011-02-06', 2002),
(2003, '2011-02-07', '2011-02-16', 2003),
(2004, '2011-03-15', '2011-02-26', 2004),
(2005, '2011-03-26', '2011-03-31', 2005),
(2006, '2011-04-17', '2011-04-18', 2006),
(2007, '2011-04-19', '2011-04-24', 2007),
(2008, '2011-05-03', '2011-05-12', 2008),
(2009, '2011-05-16', '2011-05-23', 2009),
(2010, '2011-06-27', '2011-06-30', 2010),
(2011, '2011-06-29', '2011-06-30', 2011),
(2012, '2011-07-13', '2011-07-20', 2012),
(2013, '2011-07-25', '2011-07-29', 2000),
(2014, '2011-08-04', '2011-08-06', 2001),
(2015, '2011-08-07', '2011-08-16', 2002),
(2016, '2011-09-15', '2011-09-26', 2003),
(2017, '2011-09-26', '2011-09-30', 2004),
(2018, '2011-10-17', '2011-10-18', 2005),
(2019, '2011-10-19', '2011-10-24', 2006),
(2020, '2011-11-03', '2011-11-12', 2007),
(2021, '2011-11-16', '2011-11-23', 2008),
(2022, '2011-12-27', '2011-12-30', 2009),
(2023, '2011-12-29', '2011-12-30', 2010),
(3000, '2013-01-02', '2013-01-07', 1001),
(3001, '2013-01-12', '2013-01-17', 2000),
(3002, '2013-01-14', '2013-01-17', 1003),
(3003, '2013-01-17', '2013-01-23', 2003),
(3004, '2013-01-27', '2013-01-30', 2004),
(3005, '2013-01-29', '2013-01-31', 2005);


INSERT INTO Payment (custCode, pDate, amount) VALUES 
(1000, '2012-01-29', 300),
(1000,'2012-01-16', 250),
(1001,'2012-02-26', 345),
(1002,'2012-02-16', 1500),
(1003,'2012-03-26', 2300),
(1004,'2012-04-16', 1100),
(1005,'2012-04-26', 900),
(1006,'2012-04-16', 1250),
(1007,'2012-05-26', 2500),
(1008,'2012-05-16', 200),
(1009,'2012-05-26', 100),
(1010,'2012-06-16', 230),
(1011,'2012-06-26', 340),
(1012,'2012-06-25', 450),
(2000,'2012-07-16', 2000),
(2001,'2012-07-26', 3000),
(2002,'2012-08-16', 1000),
(2003,'2012-08-26', 2000),
(2004,'2012-09-16', 1000),
(2005,'2012-09-26', 1000),
(2006,'2012-10-16', 2000),
(2007,'2012-10-26', 3000),
(2008,'2012-11-16', 2000),
(2009,'2012-11-26', 1000),
(2010,'2012-12-16', 2000),
(2011,'2012-12-26', 3000),
(2012,'2012-12-26', 2300);


INSERT INTO Includes(ordCode, prCode, orQuant) VALUES 
(1000, 1000, 60),
(1001, 1001, 200),
(1002, 1002, 230),
(1003, 1003, 90),
(1004, 1004, 450),
(1005, 1005, 13),
(1006, 1006, 35),
(1007, 1007, 249),
(1008, 1008, 190),
(1009, 1009, 180),
(1010, 1010, 200),
(1011, 1011, 189),
(1012, 1012, 100),
(1013, 1000, 124),
(1014, 1001, 120),
(1015, 1002, 89),
(1016, 1003, 340),
(1017, 1004, 230),
(1018, 1005, 450),
(1019, 1006, 430),
(1020, 1007, 110),
(1021, 1008, 120),
(1022, 1009, 190),
(1023, 1010, 78),
(2000, 2000, 100),
(2001, 2001, 100),
(2002, 2002, 100),
(2003, 2003, 100),
(2004, 2004, 100),
(2005, 2005, 100),
(2006, 2006, 100),
(2007, 2007, 100),
(2008, 2008, 100),
(2009, 2009, 100),
(2010, 2010, 100),
(2011, 2011, 100),
(2012, 2012, 100),
(2013, 2000, 100),
(2014, 2002, 100),
(2015, 2003, 100),
(2016, 2004, 100),
(2017, 2005, 100),
(2018, 2006, 100),
(2019, 2007, 100),
(2020, 2008, 100),
(2021, 2009, 100),
(2022, 2010, 100),
(2023, 2011, 100),
(3000, 2005, 100),
(3001, 2008, 100),
(3002, 1008, 150),
(3003, 2001, 130),
(3004, 1005, 140),
(3005, 1001, 140),
------------------- Q14
(3000, 1001, 100),
(3000, 1002, 100),
(3000, 1003, 100),
(3001, 1004, 100),
(3001, 1005, 100),
(3001, 1006, 100),
(3001, 1007, 100),
(3001, 1006, 1000),
(3003, 1001, 100),
(3003, 1002, 100),
(3003, 1004, 100),
(2023, 1001, 100),
(2023, 1002, 100),
(2023, 1003, 100),
(2023, 1005, 100);